name,category,calories,protein,fat,carbohydrates
Beans,GRAINS_AND_CEREALS,341,26.0,1.5,58.0
Beans are cooked,GRAINS_AND_CEREALS,110,8.0,0.4,19.0
Boiled peas,GRAINS_AND_CEREALS,118,8.3,0.4,21.0
Split pea soup,GRAINS_AND_CEREALS,64,4.0,1.5,10.0
Edamame,GRAINS_AND_CEREALS,122,11.0,5.2,8.9
Beans are white,GRAINS_AND_CEREALS,333,23.4,0.9,60.3
Boiled white beans,GRAINS_AND_CEREALS,139,9.7,0.5,25.0
Beans in tomato,GRAINS_AND_CEREALS,92,5.5,0.5,16.0
Canned beans,GRAINS_AND_CEREALS,94,6.0,0.5,17.0
Lobio beans,GRAINS_AND_CEREALS,128,7.5,4.0,17.0
Asparagus beans are frozen,GRAINS_AND_CEREALS,35,2.4,0.3,6.9
Beans are red,GRAINS_AND_CEREALS,333,23.6,0.8,60.0
Boiled red beans,GRAINS_AND_CEREALS,127,8.7,0.5,23.0
Black beans,GRAINS_AND_CEREALS,341,21.6,1.4,62.4
Mash,GRAINS_AND_CEREALS,347,24.0,1.2,63.0
Germinated mung beans,GRAINS_AND_CEREALS,31,3.0,0.2,6.0
Miso paste,GRAINS_AND_CEREALS,199,12.0,6.0,26.0
Natto,GRAINS_AND_CEREALS,211,18.0,11.0,14.0
Chickpeas,GRAINS_AND_CEREALS,378,20.5,6.0,63.0
Boiled chickpeas,GRAINS_AND_CEREALS,164,8.9,2.6,27.0
Chickpeas are fried,GRAINS_AND_CEREALS,387,19.0,13.0,50.0
Soy meat,GRAINS_AND_CEREALS,296,52.0,1.0,18.0
Soy sauce,GRAINS_AND_CEREALS,53,5.0,0.0,8.0
Soybeans are fried,GRAINS_AND_CEREALS,471,40.0,22.0,30.0
Lentil,GRAINS_AND_CEREALS,352,24.6,1.1,63.4
Lentils are cooked,GRAINS_AND_CEREALS,116,9.0,0.4,20.0
Lentils are green,GRAINS_AND_CEREALS,352,25.0,1.1,60.0
Soy,GRAINS_AND_CEREALS,446,36.5,19.9,30.2
Tempe,GRAINS_AND_CEREALS,193,19.0,11.0,9.4
Tofu is firm,GRAINS_AND_CEREALS,78,8.2,4.8,1.9
Falafel,GRAINS_AND_CEREALS,333,13.0,18.0,32.0
Hummus,GRAINS_AND_CEREALS,177,8.0,8.6,20.1
Lentil soup,GRAINS_AND_CEREALS,56,3.5,0.6,10.0
Apricot,FRUITS,48,1.4,0.4,11.1
Dried apricots,FRUITS,241,3.4,0.5,63.0
Avocado,FRUITS,160,2.0,14.7,8.5
Gooseberry,FRUITS,44,0.9,0.6,10.0
Quince,FRUITS,57,0.4,0.1,15.0
Pineapple,FRUITS,45,0.5,0.1,11.8
Canned pineapple,FRUITS,60,0.4,0.1,16.0
Orange,FRUITS,43,0.9,0.2,8.1
Banana,FRUITS,96,1.5,0.5,21.0
Banana is green,FRUITS,89,1.3,0.3,23.0
Dried banana,FRUITS,346,3.9,1.8,88.0
Grape,FRUITS,72,0.6,0.6,15.4
White grapes,FRUITS,69,0.6,0.2,18.0
Raisin grapes,FRUITS,65,0.5,0.1,17.0
Black grapes,FRUITS,70,0.6,0.2,18.0
Garnet,FRUITS,83,1.7,1.2,18.7
Grapefruit,FRUITS,32,0.6,0.1,8.1
Pear,FRUITS,42,0.4,0.3,10.3
Pear williams,FRUITS,58,0.4,0.2,15.0
Duchess pear,FRUITS,58,0.4,0.1,15.2
Hrusha conference,FRUITS,57,0.4,0.1,15.0
Packham pear,FRUITS,57,0.4,0.1,15.0
Guava,FRUITS,68,2.6,1.0,14.0
Jackfruit,FRUITS,95,1.7,0.6,23.0
Melon,FRUITS,35,0.6,0.3,7.4
Cantaloupe melon,FRUITS,34,0.8,0.2,8.2
Durian,FRUITS,147,1.5,5.3,27.0
Cranberry,FRUITS,46,0.5,0.1,12.2
Dried cranberries,FRUITS,308,0.1,1.4,82.0
Light raisins,FRUITS,299,3.1,0.5,79.0
Raisins are dark,FRUITS,283,2.5,0.4,75.0
Fig,FRUITS,74,0.8,0.3,19.2
Dried figs,FRUITS,249,3.3,0.9,64.0
Irga,FRUITS,45,0.4,0.3,12.0
Watermelon,FRUITS,25,0.6,0.1,5.8
Prickly pear cactus,FRUITS,41,0.7,0.5,10.0
Carambola,FRUITS,31,1.0,0.3,7.0
Dogwood,FRUITS,40,1.0,0.4,9.8
Kiwi,FRUITS,61,1.1,0.5,14.7
Coconut flesh,FRUITS,354,3.3,33.5,15.2
Kumquat,FRUITS,71,1.9,0.9,16.0
Dried apricots,FRUITS,215,5.2,0.3,51.0
Lime,FRUITS,30,0.7,0.2,10.5
Lemon,FRUITS,29,1.1,0.3,9.3
Lychees,FRUITS,66,0.8,0.4,17.0
Raspberry,FRUITS,46,0.8,0.5,8.3
Mango,FRUITS,60,0.8,0.4,15.0
Dried mango,FRUITS,314,2.5,1.2,78.0
Mangosteen,FRUITS,73,0.4,0.6,18.0
Tangerine,FRUITS,53,0.8,0.3,13.3
Canned tangerines,FRUITS,52,0.7,0.1,13.0
Passion fruit,FRUITS,97,2.2,0.7,23.0
Nectarine,FRUITS,44,1.1,0.3,10.6
Blackberry,FRUITS,43,1.4,0.5,9.6
Papaya,FRUITS,43,0.5,0.3,10.8
Peach,FRUITS,39,0.9,0.3,9.5
Canned peach,FRUITS,54,0.5,0.1,14.0
Pitahaya,FRUITS,50,1.1,0.4,11.0
Strawberry,FRUITS,41,0.8,0.4,7.5
Broom,FRUITS,38,0.8,0.0,10.0
Currents,FRUITS,39,0.7,0.2,9.0
Rambutan,FRUITS,82,0.7,0.2,21.0
Raisins,FRUITS,301,3.1,0.5,79.2
Salak,FRUITS,82,0.4,0.1,22.0
Saucep,FRUITS,66,1.0,0.3,17.0
Plum,FRUITS,42,0.8,0.3,9.6
The plum is yellow,FRUITS,43,0.6,0.1,11.0
Blue plum,FRUITS,46,0.7,0.3,11.0
Red currant,FRUITS,43,1.1,0.2,10.0
Black currant,FRUITS,44,1.0,0.4,10.0
Tamarillo,FRUITS,31,2.0,0.4,6.0
Feijoa,FRUITS,49,1.2,0.8,10.0
Winter cherry,FRUITS,53,1.9,0.7,11.0
Dates,FRUITS,277,1.8,0.2,75.0
Persimmon,FRUITS,67,0.5,0.4,18.0
Merry,FRUITS,63,1.1,0.2,16.0
Cherimoya,FRUITS,75,1.6,0.7,18.0
Bilberry,FRUITS,44,1.1,0.6,7.6
Prunes,FRUITS,107,1.1,0.4,28.4
Prune with stone,FRUITS,231,2.0,0.4,57.0
Mulberry,FRUITS,43,1.4,0.4,10.0
Apple,FRUITS,47,0.4,0.4,9.8
Golden apple,FRUITS,52,0.3,0.2,14.0
Granny smith apple,FRUITS,52,0.3,0.2,14.0
Apple pink lady,FRUITS,52,0.3,0.1,13.8
Apple red delicious,FRUITS,59,0.2,0.2,16.0
Fuji apple,FRUITS,63,0.3,0.2,16.0
Peanut,NUTS_AND_SEEDS,590,25.8,49.2,16.1
Salted peanuts,NUTS_AND_SEEDS,585,25.0,49.0,16.0
Peanut paste,NUTS_AND_SEEDS,529,25.1,50.4,20.0
Peanut butter is crunchy,NUTS_AND_SEEDS,593,25.0,50.0,20.0
Brazil nut,NUTS_AND_SEEDS,659,14.0,67.0,12.0
Walnut,NUTS_AND_SEEDS,654,15.2,65.2,13.7
Green walnut,NUTS_AND_SEEDS,248,4.5,13.0,32.0
Walnut peeled,NUTS_AND_SEEDS,654,15.0,65.0,14.0
Pumpkin seeds,NUTS_AND_SEEDS,559,30.2,49.1,10.7
Pumpkin seeds cleaned,NUTS_AND_SEEDS,559,30.0,49.0,11.0
Beech nut,NUTS_AND_SEEDS,576,6.2,50.0,34.0
Macadamia nut,NUTS_AND_SEEDS,718,7.9,76.0,14.0
Pecan,NUTS_AND_SEEDS,691,9.2,72.0,14.0
Chile nut,NUTS_AND_SEEDS,640,14.0,62.0,19.0
Acorn,NUTS_AND_SEEDS,387,6.2,24.0,41.0
Cardamom,NUTS_AND_SEEDS,311,11.0,7.0,68.0
Chestnut is edible,NUTS_AND_SEEDS,213,2.4,2.3,45.0
Roasted chestnut,NUTS_AND_SEEDS,245,3.2,2.2,53.0
Pine nut,NUTS_AND_SEEDS,673,14.0,68.0,13.0
Pine nuts,NUTS_AND_SEEDS,673,13.7,68.4,13.1
Cashew,NUTS_AND_SEEDS,574,18.2,43.8,30.2
Cashew is fried,NUTS_AND_SEEDS,580,18.0,46.0,30.0
Coconut shavings,NUTS_AND_SEEDS,592,5.6,57.0,24.0
Coconut flour,NUTS_AND_SEEDS,443,19.0,14.0,60.0
Hemp seeds,NUTS_AND_SEEDS,553,32.0,49.0,9.0
Sesame,NUTS_AND_SEEDS,573,17.7,49.7,23.4
White sesame,NUTS_AND_SEEDS,573,18.0,50.0,23.0
Black sesame,NUTS_AND_SEEDS,573,18.0,50.0,23.0
Poppy,NUTS_AND_SEEDS,525,18.0,42.0,28.0
Macadamia,NUTS_AND_SEEDS,716,7.9,75.8,13.8
Almond,NUTS_AND_SEEDS,598,21.2,49.9,21.7
Roasted almonds,NUTS_AND_SEEDS,607,21.0,53.0,17.0
Almond paste,NUTS_AND_SEEDS,614,20.0,56.0,19.0
Almond flour,NUTS_AND_SEEDS,590,21.0,52.0,19.0
Nutmeg,NUTS_AND_SEEDS,525,6.0,36.0,49.0
Anise seeds,NUTS_AND_SEEDS,337,18.0,16.0,50.0
Mustard seeds,NUTS_AND_SEEDS,508,26.0,36.0,28.0
Cumin seeds,NUTS_AND_SEEDS,375,18.0,22.0,44.0
Coriander seeds,NUTS_AND_SEEDS,298,12.0,18.0,55.0
Dill seeds,NUTS_AND_SEEDS,305,16.0,15.0,55.0
Flax seeds,NUTS_AND_SEEDS,534,18.3,42.2,28.9
Ground flax seeds,NUTS_AND_SEEDS,534,18.0,42.0,29.0
Sunflower seeds,NUTS_AND_SEEDS,584,20.8,51.5,20.0
Sunflower seeds are cleaned,NUTS_AND_SEEDS,584,21.0,51.0,20.0
Fennel seeds,NUTS_AND_SEEDS,345,16.0,15.0,52.0
Chia seeds,NUTS_AND_SEEDS,486,16.5,30.7,42.1
Pecan,NUTS_AND_SEEDS,710,9.2,72.0,13.9
Tahini,NUTS_AND_SEEDS,595,17.0,54.0,21.0
Urbech made of linen,NUTS_AND_SEEDS,534,18.0,42.0,29.0
Pistachios,NUTS_AND_SEEDS,569,20.3,45.4,27.5
Salted pistachios,NUTS_AND_SEEDS,569,21.0,45.0,28.0
Hazelnut,NUTS_AND_SEEDS,628,15.0,60.8,16.7
Roasted hazelnuts,NUTS_AND_SEEDS,646,15.0,62.0,17.0
Hazelnut paste,NUTS_AND_SEEDS,628,13.0,61.0,17.0
Sliced ​​loaf,GRAINS_AND_CEREALS,262,7.5,2.9,50.9
Bagel,GRAINS_AND_CEREALS,264,10.0,1.3,52.0
Bloody hell,GRAINS_AND_CEREALS,189,5.0,3.0,36.0
Hamburger bun,GRAINS_AND_CEREALS,279,9.4,4.7,49.5
The bun is buttery,GRAINS_AND_CEREALS,339,7.9,9.4,55.5
Brioche bun,GRAINS_AND_CEREALS,357,8.0,15.0,48.0
Bun with cinnamon,GRAINS_AND_CEREALS,384,5.5,13.0,62.0
Waffles,GRAINS_AND_CEREALS,285,6.7,9.9,42.4
Toasts with garlic,GRAINS_AND_CEREALS,350,10.0,8.0,60.0
Yeast dough,GRAINS_AND_CEREALS,243,7.0,2.5,48.0
Cake crust,GRAINS_AND_CEREALS,350,7.0,8.0,62.0
Crackers are salty,GRAINS_AND_CEREALS,398,9.5,8.6,71.5
Pretzel,GRAINS_AND_CEREALS,380,9.0,4.0,76.0
Croissant,GRAINS_AND_CEREALS,406,8.2,21.0,45.8
Georgian lavash,GRAINS_AND_CEREALS,274,8.1,0.7,57.0
Lavash is thin,GRAINS_AND_CEREALS,236,7.9,1.0,48.0
Puff pastry,GRAINS_AND_CEREALS,410,5.5,26.0,40.0
Muffin with blueberries,GRAINS_AND_CEREALS,375,5.5,13.5,58.3
Pancake with meat,GRAINS_AND_CEREALS,220,12.0,10.0,22.0
Pancake with cheese,GRAINS_AND_CEREALS,200,10.0,8.0,24.0
Pancakes,GRAINS_AND_CEREALS,239,7.0,8.8,32.9
Naan,GRAINS_AND_CEREALS,290,9.0,5.0,50.0
Nalysnik,GRAINS_AND_CEREALS,135,4.5,3.5,22.0
Pancakes,GRAINS_AND_CEREALS,193,6.0,5.0,32.0
Dumplings,GRAINS_AND_CEREALS,299,6.0,7.0,52.0
Paska,GRAINS_AND_CEREALS,335,7.5,10.0,55.0
Cookies with chocolate,GRAINS_AND_CEREALS,451,5.3,21.7,60.9
Shortbread,GRAINS_AND_CEREALS,458,6.5,24.0,55.0
Peeta,GRAINS_AND_CEREALS,275,9.1,1.2,55.0
Curd fritter,GRAINS_AND_CEREALS,183,12.0,7.0,18.0
Crackers,GRAINS_AND_CEREALS,395,11.0,2.0,82.0
Breadcrumbs,GRAINS_AND_CEREALS,395,13.0,5.0,72.0
Focaccia,GRAINS_AND_CEREALS,249,8.0,5.0,44.0
Gluten-free bread,GRAINS_AND_CEREALS,250,4.0,5.0,48.0
Unleavened bread,GRAINS_AND_CEREALS,240,8.0,1.2,50.0
White bread,GRAINS_AND_CEREALS,267,9.4,3.3,49.0
White wheat bread,GRAINS_AND_CEREALS,265,7.6,3.2,49.0
Borodino bread,GRAINS_AND_CEREALS,208,6.9,1.3,41.8
Bran bread,GRAINS_AND_CEREALS,227,9.0,2.5,43.0
Buckwheat bread,GRAINS_AND_CEREALS,228,7.5,2.8,44.0
Rye bread,GRAINS_AND_CEREALS,259,8.5,3.3,48.3
Grain bread,GRAINS_AND_CEREALS,265,9.6,4.2,48.0
Corn bread,GRAINS_AND_CEREALS,266,6.7,7.1,44.0
Flax bread,GRAINS_AND_CEREALS,252,10.0,6.0,40.0
Toasted bread,GRAINS_AND_CEREALS,275,9.0,3.2,52.0
French bread,GRAINS_AND_CEREALS,272,9.0,1.8,55.4
Whole grain bread,GRAINS_AND_CEREALS,252,12.3,3.5,42.7
Black rye bread,GRAINS_AND_CEREALS,201,6.6,1.2,40.9
Rye bread,GRAINS_AND_CEREALS,310,11.0,2.0,60.0
Rice breads,GRAINS_AND_CEREALS,387,7.0,2.8,82.0
Ciabatta,GRAINS_AND_CEREALS,271,9.0,3.0,50.0
Amaranth,GRAINS_AND_CEREALS,371,14.0,7.0,65.0
White wheat flour,GRAINS_AND_CEREALS,364,10.3,1.0,76.3
Whole grain flour,GRAINS_AND_CEREALS,340,13.2,2.5,71.2
Bulgur,GRAINS_AND_CEREALS,342,12.3,1.3,75.9
Oatmeal on the water,GRAINS_AND_CEREALS,68,2.4,1.4,12.0
Oatmeal in milk,GRAINS_AND_CEREALS,102,3.2,4.1,14.0
Oat bran,GRAINS_AND_CEREALS,246,17.0,7.0,51.0
Oatmeal,GRAINS_AND_CEREALS,342,12.3,6.1,59.5
Instant oatmeal,GRAINS_AND_CEREALS,367,12.0,6.0,68.0
Granola,GRAINS_AND_CEREALS,471,10.0,20.0,64.0
Buckwheat porridge on the water,GRAINS_AND_CEREALS,92,3.4,0.6,21.0
Buckwheat,GRAINS_AND_CEREALS,308,12.6,3.3,57.1
Buckwheat is green,GRAINS_AND_CEREALS,310,13.0,3.4,62.0
Buckwheat is fried,GRAINS_AND_CEREALS,308,12.0,3.0,62.0
Rye flakes,GRAINS_AND_CEREALS,335,10.0,2.0,70.0
Quinoa,GRAINS_AND_CEREALS,368,14.1,6.1,64.2
Corn porridge,GRAINS_AND_CEREALS,86,2.1,0.4,19.0
Corn grits,GRAINS_AND_CEREALS,337,8.3,1.2,71.6
Cornflakes,GRAINS_AND_CEREALS,357,7.0,0.4,84.0
Couscous,GRAINS_AND_CEREALS,376,12.8,0.6,77.4
Lasagna sheets,GRAINS_AND_CEREALS,357,12.0,1.6,74.0
Egg noodles,GRAINS_AND_CEREALS,384,14.2,4.4,71.3
Macaroni is dry,GRAINS_AND_CEREALS,371,13.0,1.5,74.7
Semolina,GRAINS_AND_CEREALS,328,10.3,1.0,67.4
Semolina porridge,GRAINS_AND_CEREALS,98,3.0,0.2,22.0
Muesli with nuts,GRAINS_AND_CEREALS,400,10.0,13.0,62.0
Penny,GRAINS_AND_CEREALS,359,12.5,1.5,75.0
Pearl groats,GRAINS_AND_CEREALS,352,9.9,1.2,77.7
Perlovka,GRAINS_AND_CEREALS,315,9.3,1.1,66.9
Spelled,GRAINS_AND_CEREALS,338,15.0,2.4,68.0
Popcorn without additives,GRAINS_AND_CEREALS,387,13.0,4.5,78.0
Popcorn with butter,GRAINS_AND_CEREALS,535,9.0,30.0,58.0
Wheat bran,GRAINS_AND_CEREALS,216,16.0,4.3,65.0
Millet,GRAINS_AND_CEREALS,348,11.5,3.3,66.5
Arborio rice,GRAINS_AND_CEREALS,350,6.0,0.5,79.0
Basmati rice,GRAINS_AND_CEREALS,348,7.5,0.5,79.0
White rice,GRAINS_AND_CEREALS,344,6.7,0.7,78.9
Long grain white rice,GRAINS_AND_CEREALS,365,7.1,0.7,80.0
White round grain rice,GRAINS_AND_CEREALS,358,6.5,0.5,79.2
Brown rice,GRAINS_AND_CEREALS,331,6.3,4.4,65.1
Long grain brown rice,GRAINS_AND_CEREALS,367,7.5,2.7,76.2
Wild rice,GRAINS_AND_CEREALS,357,15.0,1.1,75.0
Jasmine rice,GRAINS_AND_CEREALS,356,7.1,0.4,80.0
Steamed rice,GRAINS_AND_CEREALS,350,7.4,0.6,78.0
Sushi rice,GRAINS_AND_CEREALS,350,6.7,0.4,79.0
Rice is red,GRAINS_AND_CEREALS,362,7.5,2.5,77.0
Black rice,GRAINS_AND_CEREALS,356,8.9,2.5,76.0
Rice noodles,GRAINS_AND_CEREALS,360,3.4,0.6,83.0
Rice flakes,GRAINS_AND_CEREALS,360,7.0,1.0,80.0
Sorghum,GRAINS_AND_CEREALS,329,11.0,3.3,72.0
Spaghetti whole grain,GRAINS_AND_CEREALS,348,13.0,2.5,71.0
Tef,GRAINS_AND_CEREALS,367,13.0,2.4,73.0
Tortilla chips,GRAINS_AND_CEREALS,489,7.5,24.0,61.0
Fusilli,GRAINS_AND_CEREALS,359,12.5,1.5,75.0
Ayran,DAIRY_AND_CHEESE,24,1.1,1.0,2.4
Cream 10%,DAIRY_AND_CHEESE,119,2.7,10.0,4.5
Cream 33%,DAIRY_AND_CHEESE,322,2.2,33.0,3.2
Creams are fatty,DAIRY_AND_CHEESE,340,2.1,36.1,2.8
The cream is light,DAIRY_AND_CHEESE,221,2.9,22.2,3.6
Butter 72.5%,DAIRY_AND_CHEESE,661,0.8,72.5,1.3
Butter 82.5%,DAIRY_AND_CHEESE,748,0.5,82.5,0.8
Whipped butter,DAIRY_AND_CHEESE,717,0.9,79.0,0.1
Greek yogurt,DAIRY_AND_CHEESE,97,9.0,5.0,3.6
Yogurt with fruits,DAIRY_AND_CHEESE,92,3.5,2.8,13.0
Fat-free yogurt,DAIRY_AND_CHEESE,63,5.3,1.6,7.0
Natural yogurt 2.5%,DAIRY_AND_CHEESE,60,4.3,2.5,5.9
Kefir 1%,DAIRY_AND_CHEESE,40,3.0,1.0,4.0
Kefir 2.5%,DAIRY_AND_CHEESE,53,2.9,2.5,4.0
Kefir 3.2%,DAIRY_AND_CHEESE,59,2.9,3.2,4.0
Cream cheese,DAIRY_AND_CHEESE,342,6.2,34.0,2.7
Unsalted butter,DAIRY_AND_CHEESE,617,0.5,69.0,0.1
Salted butter,DAIRY_AND_CHEESE,717,0.9,81.1,0.1
Milk 1%,DAIRY_AND_CHEESE,42,3.4,1.0,5.0
Milk 2%,DAIRY_AND_CHEESE,51,3.4,2.0,4.9
Oat milk,DAIRY_AND_CHEESE,43,1.0,1.5,6.5
Nut milk,DAIRY_AND_CHEESE,29,0.4,2.5,1.3
Skimmed milk,DAIRY_AND_CHEESE,34,3.4,0.1,5.0
Goat's milk,DAIRY_AND_CHEESE,68,3.0,4.1,4.5
Coconut milk,DAIRY_AND_CHEESE,230,2.3,24.0,3.3
Hemp milk,DAIRY_AND_CHEESE,46,2.0,3.0,2.0
Cow's milk 2.5%,DAIRY_AND_CHEESE,52,2.8,2.5,4.7
Cow's milk 3.2%,DAIRY_AND_CHEESE,59,2.9,3.2,4.7
Almond milk,DAIRY_AND_CHEESE,17,0.6,1.1,1.5
Whole milk 3.25%,DAIRY_AND_CHEESE,61,3.2,3.3,4.8
Rice milk,DAIRY_AND_CHEESE,47,0.3,1.0,9.2
Soy milk,DAIRY_AND_CHEESE,54,3.3,1.8,6.0
Vanilla milkshake,DAIRY_AND_CHEESE,112,3.3,3.0,18.0
Chocolate milkshake,DAIRY_AND_CHEESE,119,3.4,3.2,19.0
Sour cream,DAIRY_AND_CHEESE,58,2.8,3.2,4.1
Ryazanka 4%,DAIRY_AND_CHEESE,67,2.8,4.0,4.2
Brie cheese,DAIRY_AND_CHEESE,334,21.0,28.0,0.5
Burrata cheese,DAIRY_AND_CHEESE,280,16.0,23.0,2.0
Gouda cheese,DAIRY_AND_CHEESE,356,25.0,27.0,2.2
Gorgonzola cheese,DAIRY_AND_CHEESE,353,19.0,29.0,2.3
Dor blue cheese,DAIRY_AND_CHEESE,354,21.0,29.0,2.3
Edam cheese,DAIRY_AND_CHEESE,357,25.0,28.0,1.4
Emmental cheese,DAIRY_AND_CHEESE,380,29.0,29.0,0.4
Camembert cheese,DAIRY_AND_CHEESE,300,20.0,24.0,0.5
Sour milk cheese 5%,DAIRY_AND_CHEESE,121,17.2,5.0,1.8
Sour milk cheese 9%,DAIRY_AND_CHEESE,159,16.7,9.0,2.0
Mascarpone cheese,DAIRY_AND_CHEESE,429,4.8,44.0,3.5
Mozzarella cheese,DAIRY_AND_CHEESE,280,27.5,17.1,3.1
Grated parmesan cheese,DAIRY_AND_CHEESE,420,35.8,28.6,3.2
Pecorino cheese,DAIRY_AND_CHEESE,387,32.0,27.0,0.2
Processed cheese,DAIRY_AND_CHEESE,257,16.0,19.0,5.0
Provolone cheese,DAIRY_AND_CHEESE,352,26.0,27.0,2.1
Ricotta cheese,DAIRY_AND_CHEESE,174,11.0,13.0,3.0
Hard cheese (dutch type),DAIRY_AND_CHEESE,352,26.8,27.3,0.0
Feta cheese,DAIRY_AND_CHEESE,265,14.2,21.3,4.1
Philadelphia cheese,DAIRY_AND_CHEESE,342,5.9,34.0,4.1
Halloumi cheese,DAIRY_AND_CHEESE,321,22.0,25.0,2.0
Cheddar cheese,DAIRY_AND_CHEESE,410,24.9,33.8,1.3
Swiss cheese,DAIRY_AND_CHEESE,374,26.9,27.8,5.4
Cheese sauce,DAIRY_AND_CHEESE,174,4.0,15.0,6.0
Sour cream 10%,DAIRY_AND_CHEESE,115,3.0,10.0,2.9
Sour cream 15%,DAIRY_AND_CHEESE,162,2.6,15.0,3.6
Sour cream 20%,DAIRY_AND_CHEESE,206,2.8,20.0,3.2
Sour cream 25%,DAIRY_AND_CHEESE,248,2.6,25.0,2.5
Balyk,MEAT_AND_POULTRY,286,18.0,24.0,0.0
Lamb shoulder,MEAT_AND_POULTRY,198,17.0,14.0,0.0
Ground lamb,MEAT_AND_POULTRY,283,16.6,23.4,0.0
Leg of lamb,MEAT_AND_POULTRY,225,20.3,15.4,0.0
Lamb ribs,MEAT_AND_POULTRY,294,17.0,25.0,0.0
Bacon,MEAT_AND_POULTRY,500,40.9,36.5,2.1
Buzhenina,MEAT_AND_POULTRY,246,18.0,19.0,1.0
Goose,MEAT_AND_POULTRY,371,16.0,34.0,0.0
Turkey stuffing,MEAT_AND_POULTRY,148,20.0,8.0,0.0
Turkey (fillet),MEAT_AND_POULTRY,115,23.7,1.6,0.0
Baked turkey,MEAT_AND_POULTRY,170,29.0,5.0,0.0
Ground turkey,MEAT_AND_POULTRY,148,19.7,7.4,0.0
Carbonate,MEAT_AND_POULTRY,135,16.0,8.0,0.0
Duck breast,MEAT_AND_POULTRY,201,19.0,14.0,0.0
Duck leg,MEAT_AND_POULTRY,217,17.0,16.0,0.0
Duck,MEAT_AND_POULTRY,308,13.5,28.6,0.0
Baked duck,MEAT_AND_POULTRY,337,19.0,28.0,0.0
The sausage is cooked,MEAT_AND_POULTRY,260,12.8,22.8,1.5
Italian sausage,MEAT_AND_POULTRY,290,16.1,24.3,2.1
Semi-smoked sausage,MEAT_AND_POULTRY,410,17.0,38.0,1.0
Raw-smoked sausage,MEAT_AND_POULTRY,472,24.0,41.0,1.0
Kid,MEAT_AND_POULTRY,143,27.0,3.0,0.0
Horsemeat,MEAT_AND_POULTRY,133,21.0,5.0,0.0
Kiev-style cutlet,MEAT_AND_POULTRY,298,18.0,22.0,8.0
Pork cutlet,MEAT_AND_POULTRY,284,15.0,22.0,7.0
Rabbit,MEAT_AND_POULTRY,156,21.2,8.0,0.0
Chicken (thigh),MEAT_AND_POULTRY,185,21.3,11.0,0.0
Chicken (fillet),MEAT_AND_POULTRY,110,23.1,1.2,0.0
The chicken is cooked,MEAT_AND_POULTRY,170,25.0,7.4,0.0
The chicken is baked,MEAT_AND_POULTRY,190,24.0,10.0,0.0
Fried chicken,MEAT_AND_POULTRY,239,27.0,14.0,0.0
Chicken drumstick,MEAT_AND_POULTRY,172,28.3,5.7,0.0
Smoked chicken breast,MEAT_AND_POULTRY,184,28.0,8.0,0.0
Chicken liver,MEAT_AND_POULTRY,119,16.9,4.8,0.7
Chicken wing,MEAT_AND_POULTRY,310,26.1,22.1,0.0
Chicken heart,MEAT_AND_POULTRY,153,16.0,10.0,0.7
Chicken thigh,MEAT_AND_POULTRY,178,24.9,8.0,0.0
Chicken fillet,MEAT_AND_POULTRY,153,31.0,3.6,0.0
Minced chicken,MEAT_AND_POULTRY,143,17.0,8.0,0.0
Chicken stomachs,MEAT_AND_POULTRY,114,18.0,4.2,0.6
Venison,MEAT_AND_POULTRY,157,30.0,3.2,0.0
Pastrami,MEAT_AND_POULTRY,147,22.0,6.0,1.0
Quail,MEAT_AND_POULTRY,192,25.0,10.0,0.0
Roast beef,MEAT_AND_POULTRY,176,27.0,7.0,0.0
Fat,MEAT_AND_POULTRY,797,2.4,89.0,0.0
Anchovies,MEAT_AND_POULTRY,215,11.0,19.0,1.5
Pork chop,MEAT_AND_POULTRY,298,22.0,23.0,0.0
Pork is fatty,MEAT_AND_POULTRY,489,11.4,49.3,0.0
Ground pork,MEAT_AND_POULTRY,218,18.7,15.4,0.0
Pork is lean,MEAT_AND_POULTRY,160,19.4,9.0,0.0
Stewed pork,MEAT_AND_POULTRY,245,23.0,17.0,0.0
Pork shank,MEAT_AND_POULTRY,294,19.0,24.0,0.0
Pork neck,MEAT_AND_POULTRY,267,16.0,22.0,0.0
Minced pork,MEAT_AND_POULTRY,263,17.0,21.0,0.0
Pork tongue,MEAT_AND_POULTRY,208,16.0,16.0,0.0
Pork ribs,MEAT_AND_POULTRY,277,15.0,24.0,0.0
Sausages,MEAT_AND_POULTRY,277,10.4,24.0,4.0
Veal,MEAT_AND_POULTRY,97,19.0,2.0,0.0
Stewed veal,MEAT_AND_POULTRY,131,24.0,3.6,0.0
Meatballs,MEAT_AND_POULTRY,220,14.0,14.0,10.0
Pheasant,MEAT_AND_POULTRY,181,32.0,5.2,0.0
Meatballs,MEAT_AND_POULTRY,196,13.0,12.0,9.0
Ham,MEAT_AND_POULTRY,293,21.6,22.6,0.0
The ham is cooked,MEAT_AND_POULTRY,183,17.0,12.0,1.0
Beef tenderloin,MEAT_AND_POULTRY,273,20.1,21.0,0.0
Minced beef,MEAT_AND_POULTRY,254,17.0,20.0,0.0
Beef tongue,MEAT_AND_POULTRY,224,16.0,17.0,0.0
Beef,MEAT_AND_POULTRY,187,18.9,12.4,0.0
Ground beef 80/20,MEAT_AND_POULTRY,270,17.2,21.6,0.0
Ground beef 85/15,MEAT_AND_POULTRY,215,18.6,15.0,0.0
Ground beef 90/10,MEAT_AND_POULTRY,204,20.0,13.3,0.0
Grilled beef,MEAT_AND_POULTRY,271,26.0,18.0,0.0
Stewed beef,MEAT_AND_POULTRY,232,26.0,14.0,0.0
Beef ribs,MEAT_AND_POULTRY,295,17.0,25.0,0.0
The wine is white,OTHER,80,0.1,0.0,2.6
Red wine,OTHER,78,0.1,0.0,2.6
Water,OTHER,0,0.0,0.0,0.0
The water is drinkable,OTHER,0,0.0,0.0,0.0
Hot chocolate,OTHER,120,3.8,4.5,17.0
Mulled wine,OTHER,136,0.2,0.0,20.0
Grog,OTHER,220,0.1,0.0,16.0
Ginger tea,OTHER,5,0.1,0.0,1.0
Americano coffee,OTHER,4,0.2,0.0,0.8
Espresso coffee,OTHER,2,0.1,0.0,0.4
Coffee is brewed,OTHER,2,0.3,0.0,0.0
Coffee latte,OTHER,67,3.4,3.6,5.3
Mocha,OTHER,178,4.0,7.0,25.0
Coffee raf,OTHER,135,3.0,7.0,14.0
Flat white coffee,OTHER,68,3.5,3.8,5.0
Coffee frappe,OTHER,150,3.0,5.0,23.0
Black coffee without sugar,OTHER,2,0.2,0.0,0.3
Cocoa with milk,OTHER,94,3.5,3.5,12.0
Cappuccino,OTHER,45,2.3,2.4,3.5
Kvass,OTHER,27,0.2,0.0,6.5
Kisyl,OTHER,68,0.3,0.0,17.0
Circles,OTHER,42,0.0,0.0,10.6
Compote,OTHER,60,0.2,0.0,14.5
Dried fruit compote,OTHER,60,0.5,0.0,15.0
Homemade lemonade,OTHER,45,0.1,0.0,11.0
Chocolate milk,OTHER,83,3.2,2.0,13.6
Cranberry juice,OTHER,41,0.1,0.0,10.0
Light beer,OTHER,43,0.5,0.0,3.6
Apple cider,OTHER,50,0.1,0.0,6.0
Orange juice,OTHER,45,0.7,0.2,10.4
Fresh orange juice,OTHER,45,0.7,0.2,10.4
Grape juice,OTHER,62,0.4,0.1,15.5
Apple juice,OTHER,46,0.1,0.1,11.3
Banana smoothie,OTHER,89,1.2,0.4,21.0
Berry smoothie,OTHER,65,1.0,0.3,15.0
Tea with mint,OTHER,1,0.1,0.0,0.2
Chamomile tea,OTHER,1,0.1,0.0,0.2
Green tea,OTHER,1,0.2,0.0,0.2
Green tea without sugar,OTHER,1,0.0,0.0,0.2
Karkade tea,OTHER,5,0.3,0.0,1.0
Matcha tea,OTHER,3,0.3,0.0,0.4
Puerh tea,OTHER,1,0.1,0.0,0.2
Rooibos tea,OTHER,0,0.1,0.0,0.1
Oolong tea,OTHER,1,0.1,0.0,0.2
Black tea,OTHER,1,0.1,0.0,0.3
Black tea without sugar,OTHER,1,0.0,0.0,0.3
Ghee oil,OTHER,900,0.0,100.0,0.0
Cocoa butter,OTHER,884,0.0,100.0,0.0
Avocado oil,OTHER,884,0.0,100.0,0.0
Amaranth oil,OTHER,884,0.0,100.0,0.0
Grape seed oil,OTHER,884,0.0,100.0,0.0
Walnut oil,OTHER,884,0.0,100.0,0.0
Pumpkin oil,OTHER,884,0.0,100.0,0.0
Mustard oil,OTHER,884,0.0,100.0,0.0
Wheat germ oil,OTHER,884,0.0,100.0,0.0
Pine nut oil,OTHER,898,0.0,100.0,0.0
Rice bran oil,OTHER,884,0.0,100.0,0.0
Coconut oil,OTHER,892,0.0,99.1,0.0
Sesame oil,OTHER,884,0.0,100.0,0.0
Linseed oil,OTHER,884,0.0,100.0,0.0
Sea buckthorn oil,OTHER,896,0.0,100.0,0.0
Olive oil,OTHER,884,0.0,100.0,0.0
Ryzhikova oil,OTHER,884,0.0,100.0,0.0
Rapeseed oil,OTHER,884,0.0,100.0,0.0
Sunflower oil,OTHER,884,0.0,100.0,0.0
Mct oil,OTHER,864,0.0,100.0,0.0
Artichoke,VEGETABLES,47,3.3,0.2,10.5
Basil,VEGETABLES,23,3.2,0.6,2.7
Eggplant,VEGETABLES,24,1.2,0.1,4.5
Batata,VEGETABLES,86,1.6,0.1,20.1
Bok choy,VEGETABLES,13,1.5,0.2,2.2
Broccoli is boiled,VEGETABLES,35,2.4,0.4,7.2
Raw broccoli,VEGETABLES,34,2.8,0.4,6.6
Brussels sprouts,VEGETABLES,43,3.4,0.3,9.0
Beet,VEGETABLES,42,1.5,0.1,8.8
Boiled beets,VEGETABLES,44,1.7,0.2,9.9
Raw beets,VEGETABLES,43,1.6,0.2,9.6
Pumpkin,VEGETABLES,26,1.0,0.1,6.5
Leaf mustard,VEGETABLES,26,2.7,0.2,4.9
Peas are green,VEGETABLES,81,5.4,0.4,14.5
Mushrooms are white,VEGETABLES,34,3.7,1.7,3.3
Eringa mushrooms,VEGETABLES,35,3.3,0.4,6.0
Chanterelle mushrooms,VEGETABLES,32,2.5,0.5,4.0
Buttercup mushrooms,VEGETABLES,19,2.4,0.4,1.7
Boletus mushrooms,VEGETABLES,34,2.2,1.0,6.6
Boletus mushrooms,VEGETABLES,25,2.9,0.4,4.1
Portobello mushrooms,VEGETABLES,22,2.1,0.4,3.9
Shiitake mushrooms,VEGETABLES,34,2.2,0.5,7.0
Pickled ginger,VEGETABLES,51,0.2,0.3,12.0
Ginger is fresh,VEGETABLES,80,1.8,0.8,18.0
Zucchini,VEGETABLES,24,0.6,0.3,4.6
White cabbage,VEGETABLES,28,1.8,0.1,4.7
Sauerkraut,VEGETABLES,19,0.9,0.1,4.3
Kohlrabi cabbage,VEGETABLES,27,1.7,0.1,6.2
Cabbage pak choy,VEGETABLES,13,1.5,0.2,2.2
Beijing cabbage,VEGETABLES,13,1.1,0.2,2.0
Savoy cabbage,VEGETABLES,27,2.0,0.1,5.0
Stewed cabbage,VEGETABLES,75,2.0,3.0,10.0
Cabbage is red,VEGETABLES,31,1.4,0.2,7.4
Potato,VEGETABLES,77,2.0,0.4,16.3
Baked sweet potato,VEGETABLES,103,2.0,0.1,24.0
Boiled potatoes,VEGETABLES,87,1.9,0.1,20.1
Young potatoes,VEGETABLES,61,2.1,0.1,12.4
Baked potatoes,VEGETABLES,93,2.5,0.1,21.2
Mashed potatoes,VEGETABLES,106,2.5,4.0,15.0
Raw potatoes,VEGETABLES,58,2.6,0.1,12.4
French fries,VEGETABLES,312,3.4,15.0,41.0
Pod beans,VEGETABLES,147,8.0,0.6,27.1
Cale,VEGETABLES,35,2.9,0.6,4.4
Ketchup,VEGETABLES,112,1.8,0.1,26.0
Cilantro,VEGETABLES,23,2.1,0.5,3.7
Dill,VEGETABLES,43,3.5,1.1,7.0
Mint,VEGETABLES,44,3.3,0.7,8.4
Mangold,VEGETABLES,19,1.8,0.2,3.7
Carrot,VEGETABLES,32,1.3,0.1,6.9
Boiled carrots,VEGETABLES,35,0.8,0.2,8.2
Carrot in korean,VEGETABLES,112,1.2,8.0,9.0
Raw carrots,VEGETABLES,41,0.9,0.2,9.6
Pickled cucumbers,VEGETABLES,16,0.8,0.1,2.6
Pickled cucumbers,VEGETABLES,11,0.8,0.1,2.3
Cucumber,VEGETABLES,14,0.8,0.1,2.5
Parsnip,VEGETABLES,75,1.2,0.3,18.0
Bulgarian pepper,VEGETABLES,27,1.3,0.0,5.3
Yellow bell pepper,VEGETABLES,27,1.0,0.2,5.4
Pepper is hot,VEGETABLES,40,2.0,0.4,8.8
Sweet yellow pepper,VEGETABLES,27,1.0,0.2,6.3
Sweet green pepper,VEGETABLES,20,0.9,0.2,4.6
Serrano pepper,VEGETABLES,32,1.7,0.4,6.7
Habanero pepper,VEGETABLES,40,1.9,0.4,8.8
Jalapeno pepper,VEGETABLES,29,0.9,0.4,6.5
Sweet red pepper,VEGETABLES,26,1.0,0.2,6.0
Red chili pepper,VEGETABLES,40,1.9,0.4,8.8
Parsley,VEGETABLES,36,3.0,0.8,6.3
Tomato,VEGETABLES,20,1.1,0.2,3.7
Sun-dried tomatoes,VEGETABLES,258,14.0,3.0,44.0
Tomatoes are yellow,VEGETABLES,15,1.0,0.3,2.5
Tomatoes are pink,VEGETABLES,20,1.0,0.2,4.2
Cherry tomatoes,VEGETABLES,18,0.9,0.1,3.9
Radish,VEGETABLES,16,0.7,0.1,3.4
Radish,VEGETABLES,36,1.9,0.1,6.7
Black radish,VEGETABLES,36,1.9,0.2,6.7
Turnip,VEGETABLES,34,0.9,0.1,6.4
Arugula,VEGETABLES,25,2.6,0.7,3.7
Celery,VEGETABLES,14,0.7,0.2,3.0
Asparagus,VEGETABLES,20,2.2,0.1,3.9
Tomato paste,VEGETABLES,82,4.3,0.5,19.0
Artichoke,VEGETABLES,73,2.0,0.1,15.8
Fennel,VEGETABLES,31,1.2,0.2,7.3
Horseradish,VEGETABLES,59,3.2,0.4,11.0
Cauliflower,VEGETABLES,25,1.9,0.3,5.0
Onion is white,VEGETABLES,42,0.9,0.1,10.0
The onion is green,VEGETABLES,27,1.0,0.0,6.5
Onions are onion,VEGETABLES,41,1.4,0.0,8.2
Onions are fried,VEGETABLES,44,1.4,0.2,10.1
Onion is red,VEGETABLES,40,1.1,0.1,9.3
Shallot onion,VEGETABLES,72,2.5,0.1,17.0
Onion-leek,VEGETABLES,33,2.0,0.2,6.3
Garlic,VEGETABLES,143,6.5,0.5,29.9
Champignons,VEGETABLES,22,3.1,0.3,3.3
Boiled spinach,VEGETABLES,23,3.0,0.3,3.8
Spinach is fresh,VEGETABLES,23,2.9,0.4,3.6
Sorrel,VEGETABLES,22,2.0,0.7,2.9
Anchovies,FISH_AND_SEAFOOD,131,20.0,5.0,0.0
Gorbusha,FISH_AND_SEAFOOD,140,21.0,6.0,0.0
Canned gorbusha,FISH_AND_SEAFOOD,136,21.0,6.0,0.0
Combs,FISH_AND_SEAFOOD,18,3.4,0.2,0.7
Dorado,FISH_AND_SEAFOOD,96,18.0,3.0,0.0
Red caviar,FISH_AND_SEAFOOD,252,25.0,16.0,3.0
Black caviar,FISH_AND_SEAFOOD,264,27.0,16.0,4.0
Squid,FISH_AND_SEAFOOD,110,18.0,4.2,0.0
Boiled squid,FISH_AND_SEAFOOD,110,21.0,2.0,2.0
Flounder,FISH_AND_SEAFOOD,83,16.0,1.8,0.0
Carp,FISH_AND_SEAFOOD,127,18.0,5.3,0.0
Fried carp,FISH_AND_SEAFOOD,196,19.0,12.0,2.0
Chum salmon,FISH_AND_SEAFOOD,127,22.0,4.0,0.0
Sprat,FISH_AND_SEAFOOD,137,14.0,9.0,0.0
Crab,FISH_AND_SEAFOOD,87,18.1,1.1,0.0
Imitation crabs,FISH_AND_SEAFOOD,73,6.0,1.0,10.0
Shrimps,FISH_AND_SEAFOOD,95,18.9,2.2,0.0
Shrimps are boiled,FISH_AND_SEAFOOD,99,20.9,1.7,0.2
Raw shrimps,FISH_AND_SEAFOOD,85,20.1,0.5,0.9
Tiger prawns,FISH_AND_SEAFOOD,89,18.0,1.0,1.0
Salmon,FISH_AND_SEAFOOD,208,20.0,13.6,0.0
Baked salmon,FISH_AND_SEAFOOD,208,20.0,13.0,0.0
Salmon sockeye,FISH_AND_SEAFOOD,131,22.5,4.0,0.0
Salmon lightly salted,FISH_AND_SEAFOOD,202,22.0,12.0,0.0
Pollack,FISH_AND_SEAFOOD,72,16.0,0.9,0.0
Cape,FISH_AND_SEAFOOD,157,13.0,12.0,0.0
Clams,FISH_AND_SEAFOOD,86,15.0,2.0,4.0
Sea cocktail,FISH_AND_SEAFOOD,95,17.0,2.0,2.0
Sea tongue,FISH_AND_SEAFOOD,88,19.0,1.0,0.0
Sea bass,FISH_AND_SEAFOOD,103,18.0,3.3,0.0
Herring,FISH_AND_SEAFOOD,217,19.8,15.4,0.0
Atlantic herring,FISH_AND_SEAFOOD,158,18.0,9.0,0.0
Marinated herring,FISH_AND_SEAFOOD,186,17.0,12.0,3.0
Salted herring,FISH_AND_SEAFOOD,217,17.0,16.0,0.0
Sturgeon,FISH_AND_SEAFOOD,163,16.0,11.0,0.0
Halibut,FISH_AND_SEAFOOD,186,14.0,15.0,0.0
Pangasius,FISH_AND_SEAFOOD,89,15.0,3.0,0.0
Whiting,FISH_AND_SEAFOOD,82,18.0,0.9,0.0
Crayfish are boiled,FISH_AND_SEAFOOD,97,20.0,1.3,1.0
Saira is canned,FISH_AND_SEAFOOD,262,17.0,21.0,0.0
Sardines in oil,FISH_AND_SEAFOOD,208,24.6,11.5,0.0
Sevryuga,FISH_AND_SEAFOOD,160,17.0,10.0,0.0
Sea bass,FISH_AND_SEAFOOD,99,18.0,3.0,0.0
Mackerel,FISH_AND_SEAFOOD,191,18.0,13.2,0.0
Atlantic mackerel,FISH_AND_SEAFOOD,205,18.6,13.9,0.0
Baked mackerel,FISH_AND_SEAFOOD,211,19.0,14.0,0.0
Smoked mackerel,FISH_AND_SEAFOOD,317,18.0,27.0,0.0
Catfish,FISH_AND_SEAFOOD,143,17.0,8.5,0.0
Sterlad,FISH_AND_SEAFOOD,122,17.0,6.0,0.0
Zander,FISH_AND_SEAFOOD,84,18.0,1.1,0.0
Tilapia,FISH_AND_SEAFOOD,96,20.1,1.7,0.0
Atlantic cod,FISH_AND_SEAFOOD,82,17.8,0.7,0.0
Fried cod,FISH_AND_SEAFOOD,111,23.0,1.0,0.0
Tuna (canned),FISH_AND_SEAFOOD,96,21.0,0.7,0.0
Tuna is fresh,FISH_AND_SEAFOOD,144,23.0,5.0,0.0
Whitebait,FISH_AND_SEAFOOD,88,15.0,3.0,0.0
Oysters,FISH_AND_SEAFOOD,33,3.9,1.3,1.8
Trout,FISH_AND_SEAFOOD,119,20.5,3.5,0.0
Baked trout,FISH_AND_SEAFOOD,168,21.0,9.0,0.0
Smoked trout,FISH_AND_SEAFOOD,190,23.0,10.0,0.0
Hake,FISH_AND_SEAFOOD,86,17.0,2.2,0.0
Sprats,FISH_AND_SEAFOOD,363,17.0,32.0,0.4
Pike,FISH_AND_SEAFOOD,84,18.0,1.0,0.0
Baklava,SWEETS_AND_SPREADS,428,6.0,22.0,53.0
Brownie,SWEETS_AND_SPREADS,466,5.0,24.0,59.0
Waffles with cream,SWEETS_AND_SPREADS,530,5.0,30.0,60.0
Jam,SWEETS_AND_SPREADS,250,0.4,0.1,65.0
Eclair,SWEETS_AND_SPREADS,262,6.0,14.0,28.0
Marshmallow,SWEETS_AND_SPREADS,304,0.8,0.1,79.0
Cannoli,SWEETS_AND_SPREADS,369,7.0,21.0,38.0
Maple syrup,SWEETS_AND_SPREADS,260,0.0,0.1,67.0
Kozynaks,SWEETS_AND_SPREADS,490,12.0,24.0,58.0
Popsicles,SWEETS_AND_SPREADS,394,0.0,0.2,98.0
Macaroni,SWEETS_AND_SPREADS,404,6.0,16.0,60.0
Marmalade,SWEETS_AND_SPREADS,289,0.4,0.1,76.0
Honey,SWEETS_AND_SPREADS,329,0.8,0.0,81.5
Honey is natural,SWEETS_AND_SPREADS,304,0.3,0.0,82.4
Honey cake,SWEETS_AND_SPREADS,426,6.0,22.0,51.0
Vanilla ice cream,SWEETS_AND_SPREADS,186,3.5,10.0,21.2
Ice cream filling,SWEETS_AND_SPREADS,232,3.7,15.0,20.8
Chocolate ice cream,SWEETS_AND_SPREADS,216,3.8,11.0,28.2
Napoleon cake,SWEETS_AND_SPREADS,410,5.5,25.0,42.0
Almond cake,SWEETS_AND_SPREADS,404,3.0,10.0,78.0
Nutella,SWEETS_AND_SPREADS,541,6.0,31.0,58.0
Lady cat,SWEETS_AND_SPREADS,230,3.0,15.0,21.0
Paste,SWEETS_AND_SPREADS,324,0.5,0.0,80.0
Oatmeal cookies,SWEETS_AND_SPREADS,437,6.5,14.4,71.8
Apple pie,SWEETS_AND_SPREADS,237,2.4,10.8,34.0
Donut,SWEETS_AND_SPREADS,421,5.4,22.9,49.0
Profitrolls,SWEETS_AND_SPREADS,312,6.0,18.0,32.0
Rahat-lukum,SWEETS_AND_SPREADS,316,0.8,0.7,79.0
Sponge roll,SWEETS_AND_SPREADS,337,5.5,14.0,49.0
Tiramisu,SWEETS_AND_SPREADS,283,4.8,16.0,30.0
Esterhazy cake,SWEETS_AND_SPREADS,420,8.0,27.0,38.0
Kyiv cake,SWEETS_AND_SPREADS,445,6.5,26.0,48.0
Cake prague,SWEETS_AND_SPREADS,398,5.0,22.0,47.0
Chocolate cake,SWEETS_AND_SPREADS,389,4.4,19.4,51.5
Sunflower halva,SWEETS_AND_SPREADS,523,12.0,30.0,54.0
Halva tahini,SWEETS_AND_SPREADS,516,13.0,29.0,52.0
Grilled candy,SWEETS_AND_SPREADS,498,8.5,26.0,58.0
Caramel candies,SWEETS_AND_SPREADS,382,0.0,8.0,77.0
Praline candies,SWEETS_AND_SPREADS,518,7.0,30.0,55.0
Candy truffles,SWEETS_AND_SPREADS,544,4.5,37.0,50.0
Chocolate candies,SWEETS_AND_SPREADS,520,5.0,30.0,58.0
White sugar,SWEETS_AND_SPREADS,399,0.0,0.0,99.8
Cheesecake,SWEETS_AND_SPREADS,321,5.5,23.0,24.0
Churchkhela,SWEETS_AND_SPREADS,410,5.0,15.0,65.0
White chocolate,SWEETS_AND_SPREADS,539,6.0,32.0,59.0
Chocolate with nuts,SWEETS_AND_SPREADS,545,8.0,35.0,52.0
Milk chocolate,SWEETS_AND_SPREADS,550,6.9,35.7,52.4
Black chocolate,SWEETS_AND_SPREADS,539,6.2,35.4,48.2
Dark chocolate 70-85%,SWEETS_AND_SPREADS,598,7.8,42.6,45.9
Apple strudel,SWEETS_AND_SPREADS,232,3.0,10.0,34.0
Sherbet,SWEETS_AND_SPREADS,417,7.0,14.0,66.0
Melange,OTHER,157,12.7,11.5,0.7
Omelet,OTHER,154,11.0,12.0,0.6
Egg white,OTHER,52,10.9,0.2,0.7
Egg yolk,OTHER,322,15.9,26.5,3.6
Egg powder,OTHER,592,46.0,43.0,4.5
Scrambled eggs with bacon,OTHER,232,14.0,19.0,1.0
A hard-boiled egg,OTHER,155,12.6,10.6,1.1
Goose egg,OTHER,185,14.0,13.0,1.4
Turkey egg,OTHER,171,13.7,11.9,1.2
Duck egg,OTHER,185,13.0,14.0,1.4
Chicken egg,OTHER,157,12.7,11.5,0.7
Chicken egg (protein),OTHER,44,11.1,0.0,0.0
Chicken egg (yolk),OTHER,352,16.2,31.2,1.0
Raw chicken egg,OTHER,138,12.6,9.5,0.8
Quail egg,OTHER,168,11.9,13.1,0.6
Fried egg,OTHER,196,13.6,15.3,0.8
Ostrich egg,OTHER,160,14.0,12.0,0.6
Pheasant egg,OTHER,159,13.0,11.0,1.5
Guinea fowl egg,OTHER,165,12.5,12.5,0.8
A bobble egg,OTHER,149,9.9,10.9,1.6
